{
    "model_predictions": [
        0.2415228985638235,
        0.5254528361663446,
        0.10260921274493139,
        0.2415228985638235,
        0.5254528361663446,
        0.10260921274493139,
        0.10260921274493139,
        0.2415228985638235,
        0.10260921274493139,
        0.5254528361663446,
        0.2415228985638235,
        0.10260921274493139,
        0.2415228985638235,
        0.2415228985638235,
        0.10260921274493139,
        0.5254528361663446,
        0.10260921274493139,
        0.2415228985638235,
        0.5254528361663446,
        0.2415228985638235,
        0.10260921274493139,
        0.2415228985638235,
        0.5254528361663446,
        0.5254528361663446,
        0.10260921274493139,
        0.5254528361663446,
        0.2415228985638235,
        0.10260921274493139,
        0.10260921274493139,
        0.10260921274493139,
        0.10260921274493139,
        0.2415228985638235,
        0.10260921274493139,
        0.5254528361663446,
        0.5254528361663446
    ],
    "actual_prices": [
        192.4600067138672,
        337.989990234375,
        119.9000015258789,
        181.9900054931641,
        321.010009765625,
        138.10000610351562,
        130.44000244140625,
        171.9600067138672,
        122.27999877929688,
        369.6700134277344,
        197.9600067138672,
        141.49000549316406,
        185.63999938964844,
        175.10000610351562,
        133.35000610351562,
        425.2200012207031,
        155.49000549316406,
        165.0,
        399.1199951171875,
        189.83999633789065,
        179.6300048828125,
        220.2700042724609,
        459.2799987792969,
        428.8999938964844,
        167.27999877929688,
        395.1499938964844,
        207.22999572753903,
        158.2899932861328,
        148.7100067138672,
        174.4600067138672,
        164.75999450683594,
        239.58999633789065,
        195.3999938964844,
        454.4599914550781,
        430.5299987792969
    ],
    "trade_profits": [
        -125.64001464843705,
        -118.85986328125,
        364.0000915527344,
        -137.88006591796875,
        -130.38998413085983,
        -155.04006958007812,
        340.6200256347656,
        364.0,
        384.20013427734375,
        -147.840087890625,
        -138.37998962402344,
        -137.01991271972656,
        333.2999267578125,
        398.5199890136719,
        -141.40008544921875,
        -130.50003051757812,
        372.59994506835983,
        386.239990234375,
        360.96002197265625,
        395.59010314941315,
        -151.9000244140625,
        -160.55007934570312,
        -168.75,
        -143.44009399414062,
        -125.86007690429688,
        -143.69979858398438,
        412.0,
        -135.8001708984375,
        388.32000732421966,
        459.599990844727,
        355.8599853515625,
        -119.64996337890625
    ],
    "trade_durations": [
        32,
        39,
        73,
        7,
        53,
        35,
        91,
        78,
        57,
        20,
        73,
        62,
        125,
        28,
        46,
        36,
        27,
        81,
        74,
        47,
        22,
        34,
        12,
        35,
        12,
        34,
        51,
        23,
        118,
        19,
        134,
        10
    ]
}