{
    "model_predictions": [
        166.4692780021819,
        166.4692780021819,
        166.47007271086545,
        166.4817177888615,
        166.47800781716796,
        166.47311975973753,
        166.46970930136695,
        166.4687268976677,
        166.4678802733415,
        166.46792819547318,
        166.46794816302804,
        166.46781637716595,
        166.46753683139787,
        166.46712150625672,
        166.46882274193104,
        166.46881874842006,
        166.4721613171041,
        166.48115869732533,
        166.51837422607878,
        166.53543051144266,
        166.5359336938252,
        166.5383817160514,
        166.52707608648802,
        166.53614534990675,
        166.54039444558157,
        166.5419918499706
    ],
    "actual_prices": [
        147.41000366210938,
        145.30999755859375,
        151.02999877929688,
        148.5,
        152.58999633789062,
        155.85000610351562,
        159.27999877929688,
        157.64999389648438,
        162.36000061035156,
        166.1699981689453,
        163.75999450683594,
        162.02999877929688,
        160.10000610351562,
        165.55999755859375,
        163.77000427246094,
        163.75999450683594,
        168.41000366210938,
        169.67999267578125,
        169.58999633789062,
        167.4499969482422,
        165.7899932861328,
        173.57000732421875,
        171.77000427246094,
        175.42999267578125,
        177.3000030517578,
        177.25
    ],
    "trade_profits": [
        -10.500030517578125,
        28.600006103515625,
        -10.1199951171875,
        20.449981689453125,
        13.0400390625,
        13.719970703125,
        -6.52001953125,
        18.84002685546875,
        15.239990234375,
        -9.6400146484375,
        -6.91998291015625,
        -7.719970703125,
        -7.15997314453125,
        -8.55999755859375,
        31.12005615234375,
        -7.20001220703125,
        14.63995361328125
    ],
    "trade_durations": [
        1,
        2,
        7,
        4,
        2,
        5,
        7,
        2,
        4,
        2,
        5,
        2,
        12,
        2,
        1,
        4,
        17
    ]
}