{
    "model_predictions": [
        0.4279714817409595,
        0.4279714817409595,
        0.4279714817409595,
        0.4279714817409595
    ],
    "actual_prices": [
        125.06999969482422,
        150.82000732421875,
        183.7899932861328,
        174.0
    ],
    "trade_profits": [
        695.2502059936523,
        758.3096771240234,
        -186.00987243652344
    ],
    "trade_durations": [
        30,
        130,
        66
    ]
}