{
    "total_return": 0.3856381768022641,
    "annualized_return": 0.1156577117539459,
    "volatility": 0.2710670202506327,
    "sharpe_ratio": 0.46509934755759497,
    "sortino_ratio": 0.7000318090193265,
    "calmar_ratio": 0.3800967507905708,
    "max_drawdown": -0.3042849261757358,
    "var_95": -0.02719571526556025,
    "cvar_95": -0.03767817742552032,
    "ulcer_index": 0.11815956965483593,
    "gain_to_pain_ratio": 1.0969224914128004,
    "profit_factor": 1.0969224914128004,
    "win_rate": 0.5299600532623169,
    "avg_win_loss_ratio": 0.9646303316444225,
    "kelly_criterion": 0.042685362307495194
}